Order_ID,Order_Date,Customer_ID,Region,Category,Product,Sales,Quantity,Discount,Profit
1,2023-01-01,1051,South,Electronics,Laptop,222.57,2,0.21,11.26
2,2023-01-02,1092,East,Electronics,Shirt,455.87,1,0.27,57.04
3,2023-01-03,1014,West,Clothing,Shirt,194.89,2,0.24,41.21
4,2023-01-04,1071,West,Furniture,Shirt,482.4,4,0.2,78.18
5,2023-01-05,1060,North,Furniture,Table,53.75,3,0.2,8.02
6,2023-01-06,1020,West,Clothing,Phone,346.64,3,0.28,28.06
7,2023-01-07,1082,East,Furniture,Phone,251.97,2,0.09,31.14
8,2023-01-08,1086,South,Electronics,Chair,199.95,4,0.0,52.59
9,2023-01-09,1074,North,Furniture,Shirt,320.03,1,0.08,55.88
10,2023-01-10,1074,North,Electronics,Table,354.89,1,0.07,58.97
11,2023-01-11,1087,South,Clothing,Table,12.14,3,0.2,0.73
12,2023-01-12,1099,West,Electronics,Phone,91.81,2,0.19,4.02
13,2023-01-13,1023,South,Furniture,Shirt,359.39,2,0.18,85.73
14,2023-01-14,1002,West,Furniture,Chair,336.53,1,0.0,48.54
15,2023-01-15,1021,South,Furniture,Shirt,483.36,4,0.22,75.71
16,2023-01-16,1052,East,Clothing,Laptop,382.91,4,0.1,24.1
17,2023-01-17,1001,West,Clothing,Shirt,475.88,1,0.2,84.05
18,2023-01-18,1087,East,Furniture,Laptop,354.24,1,0.17,83.25
19,2023-01-19,1029,North,Electronics,Laptop,156.05,2,0.1,27.23
20,2023-01-20,1037,South,Clothing,Chair,61.63,4,0.04,4.82
21,2023-01-21,1001,North,Furniture,Phone,393.09,1,0.03,74.52
22,2023-01-22,1063,North,Furniture,Shirt,325.63,1,0.25,59.0
23,2023-01-23,1059,North,Clothing,Laptop,33.61,3,0.28,3.67
24,2023-01-24,1020,North,Clothing,Shirt,186.42,1,0.19,40.76
25,2023-01-25,1032,South,Clothing,Phone,478.83,1,0.03,98.55
26,2023-01-26,1075,North,Electronics,Phone,255.2,4,0.12,61.72
27,2023-01-27,1057,South,Electronics,Table,222.04,2,0.22,35.66
28,2023-01-28,1021,South,Furniture,Phone,234.27,4,0.23,14.94
29,2023-01-29,1088,East,Clothing,Chair,112.35,2,0.04,13.74
30,2023-01-30,1048,West,Electronics,Laptop,190.67,3,0.0,19.15
31,2023-01-31,1090,West,Clothing,Table,191.21,1,0.21,41.87
32,2023-02-01,1058,South,Furniture,Chair,35.65,3,0.11,7.62
33,2023-02-02,1041,East,Electronics,Shirt,386.11,2,0.08,77.83
34,2023-02-03,1091,South,Electronics,Laptop,214.09,4,0.0,26.81
35,2023-02-04,1059,South,Electronics,Phone,412.87,4,0.16,33.3
36,2023-02-05,1079,South,Furniture,Laptop,426.67,3,0.26,75.5
37,2023-02-06,1014,East,Clothing,Shirt,113.88,2,0.29,13.63
38,2023-02-07,1061,West,Electronics,Table,332.1,3,0.17,29.34
39,2023-02-08,1061,East,Furniture,Table,241.42,3,0.15,41.89
40,2023-02-09,1046,North,Clothing,Table,441.28,1,0.03,25.72
41,2023-02-10,1061,East,Furniture,Phone,115.71,3,0.16,12.79
42,2023-02-11,1050,East,Clothing,Chair,342.13,1,0.11,50.89
43,2023-02-12,1054,East,Furniture,Chair,307.8,1,0.18,21.96
44,2023-02-13,1063,East,Clothing,Laptop,154.7,4,0.12,40.32
45,2023-02-14,1002,West,Electronics,Phone,76.93,1,0.07,7.32
46,2023-02-15,1050,North,Clothing,Table,329.3,1,0.03,26.38
47,2023-02-16,1006,West,Furniture,Table,371.91,4,0.09,34.14
48,2023-02-17,1020,West,Furniture,Shirt,164.66,3,0.03,38.69
49,2023-02-18,1072,East,Clothing,Shirt,325.97,2,0.05,48.43
50,2023-02-19,1038,South,Electronics,Table,203.61,2,0.3,27.27
51,2023-02-20,1017,South,Electronics,Table,359.47,2,0.13,17.28
52,2023-02-21,1003,West,Clothing,Phone,107.62,3,0.16,5.3
53,2023-02-22,1088,West,Clothing,Chair,446.21,1,0.26,53.31
54,2023-02-23,1059,East,Furniture,Shirt,150.83,2,0.3,26.83
55,2023-02-24,1013,West,Electronics,Chair,190.22,3,0.17,42.84
56,2023-02-25,1008,East,Clothing,Phone,38.47,1,0.24,2.1
57,2023-02-26,1089,South,Electronics,Table,64.64,4,0.1,10.74
58,2023-02-27,1052,South,Clothing,Chair,262.77,2,0.09,66.55
59,2023-02-28,1001,North,Clothing,Table,141.12,1,0.12,18.25
60,2023-03-01,1083,South,Electronics,Table,419.39,2,0.2,86.36
61,2023-03-02,1091,West,Clothing,Laptop,17.2,2,0.2,1.15
62,2023-03-03,1059,South,Clothing,Chair,195.76,2,0.09,50.57
63,2023-03-04,1070,East,Furniture,Chair,175.3,1,0.04,40.03
64,2023-03-05,1043,South,Clothing,Table,19.47,3,0.19,4.5
65,2023-03-06,1007,North,Clothing,Phone,70.94,1,0.04,14.92
66,2023-03-07,1046,South,Clothing,Laptop,212.68,2,0.17,24.86
67,2023-03-08,1034,East,Furniture,Table,251.5,1,0.21,56.53
68,2023-03-09,1077,East,Electronics,Shirt,208.1,4,0.21,19.55
69,2023-03-10,1080,West,Furniture,Shirt,270.16,3,0.23,27.68
70,2023-03-11,1035,South,Furniture,Laptop,301.61,1,0.26,50.26
71,2023-03-12,1049,East,Electronics,Phone,14.86,4,0.15,3.05
72,2023-03-13,1003,North,Furniture,Table,237.41,3,0.22,52.29
73,2023-03-14,1001,West,Electronics,Chair,482.11,4,0.19,39.52
74,2023-03-15,1005,North,Furniture,Laptop,264.33,3,0.06,61.99
75,2023-03-16,1053,South,Electronics,Phone,342.0,1,0.01,79.44
76,2023-03-17,1003,South,Clothing,Chair,162.81,4,0.09,9.77
77,2023-03-18,1053,South,Furniture,Shirt,389.26,2,0.13,49.72
78,2023-03-19,1092,West,Furniture,Shirt,388.73,4,0.19,38.0
79,2023-03-20,1062,East,Furniture,Chair,265.44,3,0.25,25.11
80,2023-03-21,1017,West,Furniture,Laptop,488.25,1,0.06,135.73
81,2023-03-22,1089,North,Clothing,Shirt,71.52,3,0.04,14.47
82,2023-03-23,1043,West,Furniture,Table,18.3,4,0.29,2.98
83,2023-03-24,1033,North,Clothing,Chair,387.38,4,0.03,110.53
84,2023-03-25,1073,West,Clothing,Chair,405.51,2,0.14,50.32
85,2023-03-26,1061,East,Clothing,Shirt,68.9,1,0.18,14.15
86,2023-03-27,1099,North,Clothing,Laptop,140.14,1,0.16,18.67
87,2023-03-28,1013,South,Electronics,Table,18.6,4,0.03,4.82
88,2023-03-29,1094,South,Electronics,Laptop,153.72,1,0.02,14.34
89,2023-03-30,1047,West,Furniture,Phone,388.84,2,0.03,108.22
90,2023-03-31,1014,South,Electronics,Phone,263.8,3,0.18,22.65
91,2023-04-01,1071,North,Electronics,Shirt,180.57,1,0.16,19.95
92,2023-04-02,1077,South,Furniture,Shirt,192.15,4,0.07,42.72
93,2023-04-03,1086,East,Furniture,Shirt,10.66,3,0.19,1.28
94,2023-04-04,1061,East,Furniture,Phone,156.9,3,0.25,23.78
95,2023-04-05,1039,West,Electronics,Laptop,326.76,2,0.01,52.13
96,2023-04-06,1084,North,Electronics,Laptop,487.36,4,0.15,97.6
97,2023-04-07,1079,East,Furniture,Shirt,425.06,1,0.21,35.96
98,2023-04-08,1081,East,Clothing,Table,21.56,4,0.08,1.28
99,2023-04-09,1052,North,Furniture,Laptop,450.29,3,0.09,51.21
100,2023-04-10,1023,South,Clothing,Phone,393.77,4,0.18,54.43
101,2023-04-11,1025,South,Clothing,Chair,392.38,1,0.27,26.35
102,2023-04-12,1088,West,Furniture,Chair,234.42,1,0.24,24.71
103,2023-04-13,1059,South,Furniture,Chair,205.02,2,0.17,25.52
104,2023-04-14,1040,North,Furniture,Table,158.43,1,0.22,7.95
105,2023-04-15,1028,East,Electronics,Shirt,42.19,1,0.11,7.35
106,2023-04-16,1014,South,Clothing,Phone,121.84,4,0.19,26.75
107,2023-04-17,1044,West,Electronics,Table,130.84,4,0.14,9.89
108,2023-04-18,1064,South,Electronics,Phone,247.2,3,0.06,46.35
109,2023-04-19,1088,North,Furniture,Phone,376.25,2,0.21,64.26
110,2023-04-20,1070,West,Electronics,Shirt,242.17,4,0.17,31.12
111,2023-04-21,1008,South,Furniture,Chair,38.34,1,0.11,7.69
112,2023-04-22,1087,West,Clothing,Shirt,479.32,3,0.27,53.42
113,2023-04-23,1000,North,Furniture,Table,471.93,4,0.01,82.3
114,2023-04-24,1007,East,Electronics,Table,394.74,2,0.09,18.62
115,2023-04-25,1087,North,Electronics,Table,495.75,2,0.02,108.31
116,2023-04-26,1062,North,Furniture,Shirt,276.8,3,0.23,45.9
117,2023-04-27,1010,North,Furniture,Phone,481.76,3,0.21,22.68
118,2023-04-28,1080,North,Electronics,Phone,47.05,3,0.1,6.02
119,2023-04-29,1007,East,Clothing,Laptop,189.18,3,0.2,44.61
120,2023-04-30,1034,East,Clothing,Table,120.44,3,0.12,16.45
121,2023-05-01,1034,West,Furniture,Phone,105.96,1,0.23,14.32
122,2023-05-02,1032,South,Clothing,Laptop,78.99,1,0.14,18.85
123,2023-05-03,1004,East,Electronics,Phone,314.98,4,0.12,63.56
124,2023-05-04,1040,East,Furniture,Table,392.85,2,0.28,55.3
125,2023-05-05,1027,South,Electronics,Chair,293.37,1,0.08,67.33
126,2023-05-06,1006,East,Electronics,Table,82.01,1,0.04,20.95
127,2023-05-07,1072,North,Clothing,Shirt,407.45,1,0.18,54.87
128,2023-05-08,1071,North,Furniture,Phone,321.62,4,0.29,38.54
129,2023-05-09,1011,South,Furniture,Phone,200.2,3,0.11,26.11
130,2023-05-10,1033,West,Clothing,Shirt,340.32,4,0.02,97.28
131,2023-05-11,1032,West,Electronics,Shirt,137.35,2,0.1,27.73
132,2023-05-12,1047,South,Electronics,Chair,179.14,2,0.15,10.78
133,2023-05-13,1022,South,Electronics,Phone,459.57,2,0.05,116.02
134,2023-05-14,1061,North,Electronics,Phone,152.35,2,0.2,20.74
135,2023-05-15,1087,West,Furniture,Chair,240.29,1,0.3,11.3
136,2023-05-16,1036,East,Furniture,Laptop,446.17,1,0.14,71.92
137,2023-05-17,1098,North,Clothing,Chair,356.78,4,0.11,48.99
138,2023-05-18,1043,South,Clothing,Table,40.48,3,0.12,9.6
139,2023-05-19,1085,West,Furniture,Phone,82.18,2,0.03,8.05
140,2023-05-20,1090,East,Furniture,Shirt,13.84,4,0.26,2.63
141,2023-05-21,1034,East,Electronics,Table,319.15,1,0.12,53.2
142,2023-05-22,1064,North,Electronics,Phone,229.36,1,0.12,12.85
143,2023-05-23,1098,West,Clothing,Chair,75.79,3,0.2,17.76
144,2023-05-24,1046,West,Furniture,Table,479.39,3,0.13,74.3
145,2023-05-25,1077,South,Clothing,Phone,269.53,3,0.19,26.79
146,2023-05-26,1002,West,Furniture,Laptop,128.53,4,0.02,21.08
147,2023-05-27,1000,West,Electronics,Laptop,255.3,1,0.24,51.31
148,2023-05-28,1004,North,Clothing,Shirt,343.01,1,0.28,31.17
149,2023-05-29,1089,West,Clothing,Phone,47.36,3,0.19,3.77
150,2023-05-30,1013,East,Furniture,Laptop,144.6,2,0.29,8.45
151,2023-05-31,1026,North,Electronics,Chair,405.41,3,0.05,47.94
152,2023-06-01,1008,North,Clothing,Phone,235.24,4,0.14,49.57
153,2023-06-02,1078,South,Electronics,Chair,277.82,3,0.18,38.25
154,2023-06-03,1014,West,Clothing,Chair,222.08,3,0.17,19.7
155,2023-06-04,1089,South,Electronics,Laptop,31.51,4,0.12,2.54
156,2023-06-05,1041,East,Furniture,Phone,91.22,3,0.1,10.93
157,2023-06-06,1076,North,Clothing,Table,228.32,1,0.04,62.46
158,2023-06-07,1050,North,Clothing,Laptop,112.5,2,0.12,13.44
159,2023-06-08,1062,North,Electronics,Laptop,34.49,3,0.05,9.73
160,2023-06-09,1095,East,Electronics,Phone,423.39,4,0.22,56.57
161,2023-06-10,1051,East,Clothing,Phone,490.78,2,0.06,43.73
162,2023-06-11,1095,South,Furniture,Chair,398.64,4,0.02,106.57
163,2023-06-12,1003,South,Electronics,Phone,428.35,2,0.17,58.69
164,2023-06-13,1093,South,Electronics,Chair,128.57,2,0.18,23.98
165,2023-06-14,1022,West,Electronics,Laptop,480.71,3,0.26,105.27
166,2023-06-15,1014,North,Clothing,Shirt,106.49,1,0.17,5.53
167,2023-06-16,1042,North,Clothing,Table,476.2,3,0.1,31.79
168,2023-06-17,1028,South,Clothing,Laptop,497.46,4,0.24,87.0
169,2023-06-18,1035,North,Clothing,Phone,358.74,4,0.16,36.3
170,2023-06-19,1012,South,Furniture,Table,490.76,2,0.02,46.21
171,2023-06-20,1031,West,Furniture,Shirt,289.07,2,0.17,14.36
172,2023-06-21,1070,West,Clothing,Shirt,137.18,1,0.27,5.55
173,2023-06-22,1058,East,Furniture,Chair,224.13,3,0.12,48.05
174,2023-06-23,1085,West,Electronics,Table,300.84,4,0.09,22.89
175,2023-06-24,1027,South,Electronics,Chair,45.81,2,0.04,7.34
176,2023-06-25,1065,West,Electronics,Laptop,314.95,1,0.05,60.28
177,2023-06-26,1041,East,Clothing,Table,490.78,4,0.13,67.07
178,2023-06-27,1044,North,Electronics,Laptop,103.15,2,0.18,4.8
179,2023-06-28,1061,South,Furniture,Chair,398.37,4,0.02,95.99
180,2023-06-29,1056,North,Clothing,Table,454.87,1,0.28,17.24
181,2023-06-30,1005,East,Furniture,Chair,472.41,1,0.23,87.47
182,2023-07-01,1027,East,Electronics,Table,480.47,4,0.18,107.69
183,2023-07-02,1027,East,Electronics,Chair,265.52,3,0.25,31.51
184,2023-07-03,1043,North,Electronics,Shirt,488.88,4,0.02,88.1
185,2023-07-04,1083,North,Clothing,Chair,381.08,2,0.14,55.47
186,2023-07-05,1029,North,Furniture,Shirt,89.22,3,0.19,10.65
187,2023-07-06,1061,North,Clothing,Chair,243.68,2,0.25,49.68
188,2023-07-07,1074,East,Clothing,Table,361.98,4,0.24,75.24
189,2023-07-08,1091,East,Electronics,Table,131.2,3,0.08,16.17
190,2023-07-09,1088,South,Clothing,Table,323.9,2,0.28,47.52
191,2023-07-10,1061,South,Clothing,Phone,336.63,4,0.04,91.04
192,2023-07-11,1096,North,Electronics,Laptop,89.72,4,0.26,19.29
193,2023-07-12,1000,West,Clothing,Table,286.89,3,0.29,36.1
194,2023-07-13,1026,West,Electronics,Shirt,388.1,4,0.05,60.17
195,2023-07-14,1061,East,Electronics,Table,254.46,1,0.22,23.75
196,2023-07-15,1076,East,Electronics,Phone,15.93,2,0.01,4.57
197,2023-07-16,1002,East,Electronics,Shirt,14.43,2,0.12,1.09
198,2023-07-17,1069,South,Clothing,Phone,184.94,4,0.15,30.65
199,2023-07-18,1071,South,Electronics,Shirt,463.84,4,0.17,46.44
200,2023-07-19,1026,East,Electronics,Chair,122.05,1,0.28,10.52
201,2023-07-20,1008,East,Clothing,Laptop,320.84,3,0.2,38.82
202,2023-07-21,1061,East,Clothing,Laptop,118.82,4,0.14,30.62
203,2023-07-22,1036,West,Furniture,Phone,167.62,4,0.24,8.12
204,2023-07-23,1096,South,Clothing,Laptop,425.54,4,0.29,58.81
205,2023-07-24,1050,West,Clothing,Phone,367.14,4,0.01,25.68
206,2023-07-25,1043,West,Furniture,Phone,56.75,2,0.29,3.57
207,2023-07-26,1023,East,Clothing,Phone,220.06,4,0.03,34.13
208,2023-07-27,1078,East,Clothing,Laptop,24.29,2,0.24,3.28
209,2023-07-28,1058,North,Clothing,Phone,245.64,4,0.08,25.92
210,2023-07-29,1031,North,Clothing,Laptop,334.59,3,0.04,41.47
211,2023-07-30,1095,West,Furniture,Phone,68.07,1,0.13,4.25
212,2023-07-31,1087,South,Clothing,Table,151.55,3,0.19,15.44
213,2023-08-01,1051,East,Clothing,Phone,204.94,4,0.11,53.19
214,2023-08-02,1061,East,Furniture,Shirt,460.57,4,0.02,129.17
215,2023-08-03,1057,West,Electronics,Phone,496.69,4,0.18,54.46
216,2023-08-04,1051,North,Furniture,Chair,32.01,3,0.27,4.5
217,2023-08-05,1011,South,Electronics,Phone,382.89,4,0.11,94.53
218,2023-08-06,1038,North,Furniture,Shirt,192.14,3,0.06,9.31
219,2023-08-07,1001,North,Furniture,Shirt,202.3,2,0.13,44.47
220,2023-08-08,1002,North,Clothing,Laptop,379.59,1,0.01,107.89
221,2023-08-09,1055,North,Electronics,Table,460.03,1,0.25,25.13
222,2023-08-10,1080,East,Clothing,Phone,475.96,3,0.25,32.26
223,2023-08-11,1058,East,Electronics,Laptop,292.79,2,0.18,69.67
224,2023-08-12,1001,North,Furniture,Table,184.99,3,0.11,30.36
225,2023-08-13,1001,South,Furniture,Phone,395.9,2,0.24,16.11
226,2023-08-14,1091,West,Electronics,Chair,132.99,4,0.17,12.63
227,2023-08-15,1053,South,Clothing,Phone,286.4,2,0.25,34.9
228,2023-08-16,1086,South,Clothing,Shirt,185.7,2,0.19,33.58
229,2023-08-17,1095,South,Clothing,Shirt,331.75,2,0.24,58.82
230,2023-08-18,1096,North,Clothing,Chair,127.8,1,0.18,31.32
231,2023-08-19,1000,East,Furniture,Laptop,103.88,2,0.12,11.14
232,2023-08-20,1018,South,Furniture,Table,459.94,4,0.29,60.27
233,2023-08-21,1001,North,Furniture,Phone,59.88,4,0.16,9.22
234,2023-08-22,1052,South,Furniture,Shirt,257.92,4,0.18,32.02
235,2023-08-23,1043,South,Furniture,Laptop,118.22,2,0.07,10.15
236,2023-08-24,1089,North,Clothing,Chair,29.08,3,0.19,6.93
237,2023-08-25,1031,East,Clothing,Shirt,27.65,3,0.17,6.04
238,2023-08-26,1069,East,Clothing,Chair,95.86,4,0.06,15.73
239,2023-08-27,1031,West,Clothing,Phone,434.72,1,0.02,85.55
240,2023-08-28,1067,North,Furniture,Table,148.41,3,0.18,13.0
241,2023-08-29,1054,West,Furniture,Shirt,475.72,2,0.23,68.11
242,2023-08-30,1074,West,Furniture,Shirt,294.99,3,0.16,55.44
243,2023-08-31,1055,West,Electronics,Phone,223.94,4,0.07,37.24
244,2023-09-01,1016,East,Clothing,Laptop,294.24,1,0.2,70.05
245,2023-09-02,1037,North,Clothing,Table,263.18,3,0.02,52.31
246,2023-09-03,1023,West,Furniture,Shirt,381.8,3,0.13,47.41
247,2023-09-04,1068,North,Clothing,Table,148.42,4,0.05,34.27
248,2023-09-05,1097,North,Clothing,Shirt,182.99,1,0.06,15.93
249,2023-09-06,1069,East,Furniture,Table,448.11,1,0.06,61.55
250,2023-09-07,1085,West,Electronics,Chair,473.76,4,0.12,57.01
251,2023-09-08,1010,West,Electronics,Shirt,447.35,2,0.02,69.25
252,2023-09-09,1015,North,Electronics,Table,215.53,3,0.12,46.55
253,2023-09-10,1096,South,Furniture,Laptop,392.38,2,0.15,57.05
254,2023-09-11,1072,East,Clothing,Chair,243.4,3,0.14,52.02
255,2023-09-12,1058,East,Furniture,Chair,253.79,3,0.11,43.85
256,2023-09-13,1069,East,Furniture,Laptop,110.29,2,0.25,11.21
257,2023-09-14,1079,East,Clothing,Table,299.65,4,0.04,72.63
258,2023-09-15,1092,West,Electronics,Phone,101.21,4,0.15,9.43
259,2023-09-16,1002,West,Electronics,Laptop,172.47,3,0.02,17.93
260,2023-09-17,1019,South,Furniture,Table,428.96,4,0.02,74.04
261,2023-09-18,1058,East,Electronics,Laptop,111.47,3,0.17,10.66
262,2023-09-19,1035,East,Furniture,Laptop,44.87,4,0.17,1.95
263,2023-09-20,1018,North,Furniture,Shirt,43.81,3,0.26,6.88
264,2023-09-21,1089,West,Clothing,Table,470.98,4,0.17,69.49
265,2023-09-22,1066,East,Clothing,Phone,258.39,1,0.29,29.61
266,2023-09-23,1018,South,Clothing,Shirt,210.61,2,0.01,60.83
267,2023-09-24,1019,South,Furniture,Laptop,407.33,1,0.03,76.18
268,2023-09-25,1095,West,Clothing,Laptop,419.55,2,0.01,110.43
269,2023-09-26,1070,South,Electronics,Laptop,172.77,2,0.06,13.78
270,2023-09-27,1051,South,Electronics,Table,349.87,3,0.16,56.52
271,2023-09-28,1032,West,Furniture,Table,387.85,2,0.19,83.88
272,2023-09-29,1039,East,Furniture,Shirt,330.78,1,0.01,64.11
273,2023-09-30,1038,East,Clothing,Phone,84.28,1,0.28,13.93
274,2023-10-01,1081,South,Furniture,Shirt,439.18,4,0.25,47.11
275,2023-10-02,1000,South,Furniture,Chair,274.16,1,0.09,18.24
276,2023-10-03,1010,East,Electronics,Laptop,148.41,4,0.02,23.92
277,2023-10-04,1091,West,Electronics,Laptop,218.36,2,0.05,30.83
278,2023-10-05,1056,South,Clothing,Laptop,28.41,1,0.04,7.28
279,2023-10-06,1088,North,Furniture,Shirt,72.65,2,0.04,7.74
280,2023-10-07,1049,West,Furniture,Shirt,385.12,1,0.16,94.36
281,2023-10-08,1022,South,Electronics,Laptop,10.01,1,0.07,2.7
282,2023-10-09,1030,South,Furniture,Shirt,214.12,4,0.11,21.33
283,2023-10-10,1093,North,Electronics,Table,266.03,2,0.3,25.51
284,2023-10-11,1041,North,Clothing,Table,36.77,1,0.21,7.96
285,2023-10-12,1098,East,Electronics,Shirt,486.81,3,0.28,102.23
286,2023-10-13,1006,West,Furniture,Laptop,120.8,2,0.04,18.65
287,2023-10-14,1015,West,Clothing,Shirt,159.06,2,0.11,18.44
288,2023-10-15,1089,East,Electronics,Shirt,158.93,2,0.17,23.95
289,2023-10-16,1059,West,Electronics,Shirt,122.9,4,0.02,26.73
290,2023-10-17,1001,West,Clothing,Chair,10.72,3,0.0,1.27
291,2023-10-18,1000,West,Clothing,Table,367.38,2,0.2,68.81
292,2023-10-19,1047,West,Electronics,Phone,483.75,1,0.19,24.65
293,2023-10-20,1011,West,Furniture,Phone,119.9,1,0.12,6.58
294,2023-10-21,1068,North,Electronics,Chair,334.89,4,0.15,41.72
295,2023-10-22,1036,West,Clothing,Shirt,373.53,1,0.12,45.48
296,2023-10-23,1031,North,Electronics,Chair,425.73,2,0.01,54.33
297,2023-10-24,1008,West,Clothing,Chair,217.09,1,0.1,33.75
298,2023-10-25,1098,East,Clothing,Laptop,158.44,2,0.05,19.59
299,2023-10-26,1018,South,Furniture,Table,169.39,1,0.03,16.11
300,2023-10-27,1047,North,Clothing,Phone,359.18,3,0.29,32.48
301,2023-10-28,1079,West,Clothing,Shirt,410.22,4,0.18,98.8
302,2023-10-29,1002,East,Furniture,Phone,98.99,4,0.22,11.8
303,2023-10-30,1019,South,Clothing,Phone,191.76,3,0.09,28.13
304,2023-10-31,1023,North,Furniture,Table,451.95,3,0.12,77.21
305,2023-11-01,1053,South,Furniture,Phone,405.28,4,0.07,111.5
306,2023-11-02,1032,East,Clothing,Phone,492.58,3,0.03,52.75
307,2023-11-03,1023,North,Clothing,Chair,379.58,2,0.05,79.45
308,2023-11-04,1074,South,Electronics,Table,202.67,1,0.24,35.27
309,2023-11-05,1071,West,Furniture,Laptop,299.41,4,0.2,48.34
310,2023-11-06,1035,North,Electronics,Shirt,333.9,3,0.16,20.23
311,2023-11-07,1037,South,Clothing,Phone,48.44,2,0.14,9.13
312,2023-11-08,1083,East,Electronics,Shirt,276.8,4,0.28,13.16
313,2023-11-09,1098,East,Furniture,Laptop,357.57,3,0.02,69.75
314,2023-11-10,1088,North,Electronics,Shirt,91.99,4,0.08,19.88
315,2023-11-11,1098,South,Furniture,Laptop,392.51,3,0.1,36.29
316,2023-11-12,1024,North,Clothing,Chair,296.05,4,0.23,59.36
317,2023-11-13,1092,North,Clothing,Phone,476.59,2,0.3,19.21
318,2023-11-14,1017,South,Furniture,Laptop,30.79,2,0.07,7.47
319,2023-11-15,1081,South,Clothing,Shirt,140.01,1,0.26,17.1
320,2023-11-16,1065,West,Clothing,Phone,304.76,4,0.25,23.86
321,2023-11-17,1053,South,Clothing,Chair,155.31,1,0.07,12.05
322,2023-11-18,1034,East,Clothing,Phone,360.07,4,0.12,91.36
323,2023-11-19,1079,North,Furniture,Laptop,381.91,3,0.12,22.91
324,2023-11-20,1060,North,Electronics,Chair,60.23,3,0.29,4.27
325,2023-11-21,1040,East,Electronics,Shirt,261.79,1,0.05,34.06
326,2023-11-22,1099,South,Clothing,Chair,259.36,4,0.24,40.42
327,2023-11-23,1032,East,Electronics,Chair,190.95,1,0.1,32.0
328,2023-11-24,1067,East,Electronics,Table,467.13,2,0.22,29.66
329,2023-11-25,1032,West,Clothing,Chair,415.48,1,0.13,44.26
330,2023-11-26,1013,East,Clothing,Chair,351.63,1,0.17,32.01
331,2023-11-27,1020,North,Electronics,Phone,360.02,3,0.25,27.92
332,2023-11-28,1047,East,Furniture,Shirt,236.24,1,0.24,27.43
333,2023-11-29,1019,North,Clothing,Phone,461.29,4,0.26,77.15
334,2023-11-30,1007,North,Furniture,Phone,350.35,3,0.02,35.83
335,2023-12-01,1006,North,Electronics,Laptop,367.2,1,0.21,41.1
336,2023-12-02,1066,South,Clothing,Phone,432.23,2,0.04,61.3
337,2023-12-03,1016,West,Furniture,Table,144.3,1,0.12,37.35
338,2023-12-04,1032,North,Clothing,Table,405.46,1,0.16,98.32
339,2023-12-05,1047,North,Electronics,Laptop,105.67,1,0.12,23.25
340,2023-12-06,1075,South,Furniture,Shirt,179.22,3,0.16,16.62
341,2023-12-07,1058,North,Electronics,Shirt,174.45,4,0.3,8.18
342,2023-12-08,1085,East,Electronics,Phone,489.48,2,0.04,60.72
343,2023-12-09,1021,East,Clothing,Phone,429.7,1,0.2,40.12
344,2023-12-10,1029,West,Furniture,Phone,353.57,4,0.12,54.91
345,2023-12-11,1037,North,Electronics,Shirt,366.26,4,0.04,85.94
346,2023-12-12,1050,South,Electronics,Chair,285.42,3,0.05,71.74
347,2023-12-13,1053,East,Furniture,Table,474.07,2,0.28,89.16
348,2023-12-14,1007,South,Electronics,Chair,253.17,3,0.26,26.21
349,2023-12-15,1026,South,Electronics,Chair,196.45,4,0.27,31.81
350,2023-12-16,1026,East,Furniture,Shirt,89.89,4,0.3,8.07
351,2023-12-17,1097,South,Furniture,Chair,395.24,4,0.06,24.23
352,2023-12-18,1020,East,Furniture,Laptop,369.88,3,0.11,74.2
353,2023-12-19,1029,South,Furniture,Phone,198.33,2,0.2,8.32
354,2023-12-20,1096,East,Clothing,Laptop,22.34,1,0.15,2.89
355,2023-12-21,1027,North,Furniture,Table,421.11,3,0.13,48.49
356,2023-12-22,1063,West,Clothing,Phone,15.59,4,0.11,3.1
357,2023-12-23,1096,East,Clothing,Chair,354.81,3,0.18,70.28
358,2023-12-24,1068,East,Clothing,Table,485.43,4,0.17,50.78
359,2023-12-25,1060,West,Electronics,Phone,224.45,1,0.05,53.93
360,2023-12-26,1047,East,Clothing,Chair,125.14,1,0.14,13.29
361,2023-12-27,1018,East,Clothing,Laptop,355.39,2,0.17,47.66
362,2023-12-28,1003,South,Electronics,Phone,410.39,4,0.17,78.94
363,2023-12-29,1034,West,Electronics,Chair,277.75,2,0.06,58.28
364,2023-12-30,1063,North,Electronics,Laptop,483.85,2,0.22,112.03
365,2023-12-31,1048,East,Furniture,Table,35.32,1,0.01,3.72
366,2024-01-01,1016,West,Electronics,Table,257.35,3,0.11,49.38
367,2024-01-02,1043,South,Electronics,Table,362.04,3,0.23,56.43
368,2024-01-03,1091,North,Clothing,Table,432.69,2,0.17,100.12
369,2024-01-04,1029,West,Electronics,Shirt,97.84,1,0.08,8.02
370,2024-01-05,1092,North,Furniture,Phone,402.0,4,0.21,75.57
371,2024-01-06,1045,North,Electronics,Phone,280.83,3,0.17,44.77
372,2024-01-07,1005,North,Furniture,Shirt,204.31,2,0.24,18.43
373,2024-01-08,1098,East,Electronics,Chair,74.54,3,0.22,9.8
374,2024-01-09,1036,East,Electronics,Chair,433.99,3,0.18,47.49
375,2024-01-10,1023,South,Electronics,Table,87.06,4,0.15,14.42
376,2024-01-11,1092,South,Electronics,Laptop,161.8,1,0.04,42.29
377,2024-01-12,1045,West,Furniture,Chair,152.12,4,0.08,26.92
378,2024-01-13,1052,South,Furniture,Laptop,436.99,1,0.13,79.05
379,2024-01-14,1094,North,Clothing,Phone,339.62,3,0.18,50.04
380,2024-01-15,1098,North,Furniture,Laptop,400.37,2,0.15,21.37
381,2024-01-16,1059,East,Electronics,Phone,132.73,4,0.09,13.07
382,2024-01-17,1096,North,Clothing,Shirt,316.19,1,0.0,54.7
383,2024-01-18,1062,West,Clothing,Shirt,290.16,3,0.15,31.46
384,2024-01-19,1084,North,Clothing,Table,418.09,1,0.09,36.31
385,2024-01-20,1031,North,Electronics,Chair,453.98,1,0.22,62.33
386,2024-01-21,1086,West,Furniture,Table,15.96,1,0.01,2.07
387,2024-01-22,1032,South,Electronics,Phone,340.27,3,0.18,31.96
388,2024-01-23,1066,South,Clothing,Table,35.4,2,0.28,4.23
389,2024-01-24,1017,West,Electronics,Laptop,278.94,2,0.05,22.08
390,2024-01-25,1024,East,Electronics,Phone,150.94,2,0.14,36.6
391,2024-01-26,1094,North,Furniture,Shirt,160.32,1,0.03,41.51
392,2024-01-27,1053,West,Furniture,Chair,182.95,3,0.19,33.62
393,2024-01-28,1057,North,Clothing,Phone,314.43,1,0.17,19.98
394,2024-01-29,1066,East,Electronics,Phone,173.68,2,0.12,37.29
395,2024-01-30,1045,North,Electronics,Laptop,369.02,2,0.16,78.11
396,2024-01-31,1023,West,Furniture,Chair,208.22,3,0.27,36.78
397,2024-02-01,1031,North,Electronics,Shirt,43.49,1,0.06,3.21
398,2024-02-02,1046,South,Electronics,Phone,394.04,4,0.01,82.3
399,2024-02-03,1085,East,Electronics,Phone,150.02,4,0.26,28.71
400,2024-02-04,1022,East,Furniture,Laptop,222.06,2,0.17,35.82
401,2024-02-05,1065,East,Clothing,Table,345.87,3,0.27,53.43
402,2024-02-06,1026,West,Clothing,Shirt,172.9,1,0.18,23.34
403,2024-02-07,1001,East,Electronics,Chair,37.73,1,0.24,5.22
404,2024-02-08,1089,South,Clothing,Phone,193.22,2,0.13,9.85
405,2024-02-09,1016,West,Furniture,Phone,472.78,2,0.22,77.35
406,2024-02-10,1032,South,Furniture,Shirt,324.45,1,0.27,16.67
407,2024-02-11,1008,North,Clothing,Table,339.02,1,0.17,44.67
408,2024-02-12,1042,North,Clothing,Phone,319.82,2,0.05,37.42
409,2024-02-13,1047,North,Electronics,Shirt,107.51,1,0.08,18.43
410,2024-02-14,1038,North,Clothing,Laptop,214.98,4,0.06,16.84
411,2024-02-15,1092,South,Electronics,Table,377.96,2,0.07,78.35
412,2024-02-16,1041,West,Electronics,Chair,59.67,1,0.09,13.51
413,2024-02-17,1025,West,Furniture,Phone,146.15,2,0.17,11.02
414,2024-02-18,1098,East,Furniture,Shirt,145.4,3,0.18,9.07
415,2024-02-19,1049,South,Furniture,Laptop,221.69,2,0.13,16.66
416,2024-02-20,1024,North,Furniture,Chair,490.38,2,0.18,108.28
417,2024-02-21,1023,South,Clothing,Shirt,43.08,3,0.02,7.69
418,2024-02-22,1012,East,Furniture,Shirt,264.16,4,0.03,42.74
419,2024-02-23,1059,East,Clothing,Chair,97.89,1,0.05,7.13
420,2024-02-24,1006,South,Furniture,Laptop,485.63,3,0.16,86.64
421,2024-02-25,1056,South,Clothing,Laptop,65.52,2,0.06,16.44
422,2024-02-26,1035,South,Electronics,Table,207.76,1,0.08,49.13
423,2024-02-27,1044,West,Clothing,Phone,371.56,3,0.12,67.52
424,2024-02-28,1019,North,Clothing,Chair,355.23,1,0.24,18.58
425,2024-02-29,1064,South,Furniture,Chair,217.14,1,0.0,16.96
426,2024-03-01,1007,South,Clothing,Chair,179.8,3,0.19,9.08
427,2024-03-02,1015,South,Electronics,Laptop,204.83,1,0.2,18.74
428,2024-03-03,1013,East,Electronics,Phone,139.5,4,0.24,8.9
429,2024-03-04,1075,East,Furniture,Table,110.61,3,0.28,9.16
430,2024-03-05,1086,West,Electronics,Shirt,246.69,4,0.01,35.72
431,2024-03-06,1014,North,Clothing,Shirt,141.58,2,0.05,38.43
432,2024-03-07,1091,West,Electronics,Chair,150.86,1,0.27,22.31
433,2024-03-08,1097,North,Furniture,Phone,331.81,2,0.14,73.83
434,2024-03-09,1065,East,Clothing,Laptop,484.58,2,0.17,91.54
435,2024-03-10,1031,East,Furniture,Phone,305.78,1,0.2,19.11
436,2024-03-11,1086,East,Clothing,Phone,47.72,3,0.2,8.93
437,2024-03-12,1062,West,Electronics,Laptop,47.04,1,0.28,4.02
438,2024-03-13,1085,South,Furniture,Chair,476.2,2,0.3,69.93
439,2024-03-14,1050,South,Furniture,Phone,155.67,2,0.22,16.42
440,2024-03-15,1024,East,Clothing,Shirt,55.11,3,0.09,15.02
441,2024-03-16,1057,South,Furniture,Laptop,303.53,1,0.26,26.03
442,2024-03-17,1062,South,Clothing,Table,315.59,2,0.01,37.42
443,2024-03-18,1061,West,Clothing,Chair,327.77,4,0.07,86.16
444,2024-03-19,1021,North,Clothing,Laptop,141.03,2,0.27,5.78
445,2024-03-20,1057,East,Clothing,Table,17.4,2,0.08,3.59
446,2024-03-21,1057,East,Electronics,Table,482.86,3,0.07,103.88
447,2024-03-22,1085,West,Clothing,Phone,132.94,4,0.04,33.07
448,2024-03-23,1048,West,Furniture,Phone,341.25,2,0.26,74.14
449,2024-03-24,1051,South,Electronics,Phone,356.25,2,0.15,89.0
450,2024-03-25,1041,East,Furniture,Laptop,308.9,4,0.2,16.39
451,2024-03-26,1069,North,Electronics,Laptop,163.32,1,0.07,38.8
452,2024-03-27,1014,West,Clothing,Chair,142.84,1,0.23,23.27
453,2024-03-28,1053,North,Electronics,Phone,302.86,2,0.23,49.4
454,2024-03-29,1059,North,Electronics,Table,434.39,2,0.09,32.45
455,2024-03-30,1096,East,Furniture,Shirt,473.9,1,0.12,88.64
456,2024-03-31,1007,East,Furniture,Chair,61.89,3,0.06,17.2
457,2024-04-01,1052,West,Clothing,Laptop,85.87,4,0.29,16.95
458,2024-04-02,1059,East,Electronics,Chair,472.92,4,0.19,61.21
459,2024-04-03,1004,East,Electronics,Chair,370.9,3,0.28,16.02
460,2024-04-04,1067,East,Electronics,Chair,442.67,3,0.09,56.63
461,2024-04-05,1005,North,Clothing,Chair,109.29,3,0.23,21.59
462,2024-04-06,1095,West,Clothing,Shirt,297.92,3,0.23,51.7
463,2024-04-07,1093,South,Clothing,Phone,353.56,3,0.21,46.04
464,2024-04-08,1046,North,Clothing,Table,343.25,3,0.29,15.54
465,2024-04-09,1098,East,Clothing,Chair,209.99,4,0.12,28.96
466,2024-04-10,1054,North,Furniture,Chair,17.54,3,0.04,2.82
467,2024-04-11,1039,East,Electronics,Chair,295.63,1,0.2,66.73
468,2024-04-12,1051,East,Electronics,Phone,134.02,3,0.22,21.98
469,2024-04-13,1015,North,Electronics,Laptop,230.62,3,0.17,24.48
470,2024-04-14,1012,West,Electronics,Laptop,479.21,4,0.06,81.68
471,2024-04-15,1029,East,Electronics,Shirt,205.53,4,0.15,11.62
472,2024-04-16,1018,West,Electronics,Laptop,421.5,3,0.09,112.44
473,2024-04-17,1016,South,Electronics,Chair,102.38,4,0.13,12.47
474,2024-04-18,1062,East,Electronics,Chair,339.51,2,0.19,46.6
475,2024-04-19,1018,West,Furniture,Chair,488.73,4,0.22,52.92
476,2024-04-20,1091,West,Electronics,Shirt,59.93,4,0.07,12.3
477,2024-04-21,1057,South,Furniture,Chair,14.08,4,0.12,2.67
478,2024-04-22,1054,West,Clothing,Laptop,222.46,4,0.08,46.83
479,2024-04-23,1089,West,Electronics,Phone,55.39,1,0.06,6.09
480,2024-04-24,1089,South,Clothing,Phone,376.71,1,0.24,36.91
481,2024-04-25,1061,East,Clothing,Table,458.13,1,0.27,27.19
482,2024-04-26,1022,West,Clothing,Laptop,222.67,3,0.11,42.39
483,2024-04-27,1008,West,Furniture,Chair,136.77,3,0.23,6.31
484,2024-04-28,1011,West,Clothing,Phone,222.86,2,0.27,32.44
485,2024-04-29,1000,North,Clothing,Laptop,364.49,1,0.25,73.11
486,2024-04-30,1057,South,Clothing,Phone,14.44,3,0.05,3.74
487,2024-05-01,1000,North,Electronics,Chair,298.83,4,0.29,34.43
488,2024-05-02,1033,South,Electronics,Phone,310.51,4,0.11,45.55
489,2024-05-03,1095,East,Furniture,Table,322.47,1,0.1,20.1
490,2024-05-04,1047,East,Furniture,Table,128.59,2,0.02,27.43
491,2024-05-05,1088,West,Electronics,Phone,359.89,2,0.15,78.1
492,2024-05-06,1000,South,Furniture,Laptop,54.78,4,0.03,5.91
493,2024-05-07,1015,East,Electronics,Laptop,107.64,2,0.07,15.55
494,2024-05-08,1060,South,Clothing,Laptop,439.96,1,0.1,102.84
495,2024-05-09,1063,East,Clothing,Phone,371.97,4,0.24,76.12
496,2024-05-10,1062,North,Furniture,Laptop,16.74,3,0.26,1.37
497,2024-05-11,1068,East,Electronics,Chair,131.7,3,0.09,22.49
498,2024-05-12,1021,North,Electronics,Table,115.06,2,0.26,8.35
499,2024-05-13,1092,East,Furniture,Chair,142.7,4,0.26,7.97
500,2024-05-14,1066,West,Electronics,Laptop,131.3,4,0.23,28.08
501,2024-05-15,1075,North,Clothing,Chair,40.64,3,0.04,9.95
502,2024-05-16,1025,East,Furniture,Laptop,234.88,4,0.21,44.53
503,2024-05-17,1015,West,Furniture,Phone,369.04,4,0.28,16.52
504,2024-05-18,1050,North,Electronics,Chair,307.3,4,0.2,64.15
505,2024-05-19,1085,West,Furniture,Phone,339.71,2,0.1,48.77
506,2024-05-20,1056,South,Electronics,Phone,49.76,4,0.15,5.74
507,2024-05-21,1028,South,Electronics,Shirt,476.23,1,0.19,71.99
508,2024-05-22,1077,North,Electronics,Laptop,420.86,2,0.15,26.06
509,2024-05-23,1091,East,Electronics,Table,404.49,4,0.04,92.87
510,2024-05-24,1068,North,Electronics,Laptop,413.26,4,0.09,73.56
511,2024-05-25,1046,West,Furniture,Table,467.03,1,0.24,34.3
512,2024-05-26,1093,East,Clothing,Laptop,276.68,2,0.26,19.87
513,2024-05-27,1061,South,Clothing,Phone,108.14,3,0.04,9.97
514,2024-05-28,1068,East,Furniture,Chair,312.22,3,0.29,14.24
515,2024-05-29,1075,South,Furniture,Chair,374.01,2,0.1,66.3
516,2024-05-30,1015,East,Clothing,Shirt,371.58,4,0.2,77.31
517,2024-05-31,1089,East,Clothing,Table,265.51,4,0.23,11.12
518,2024-06-01,1089,East,Clothing,Table,43.54,3,0.24,2.06
519,2024-06-02,1047,West,Clothing,Table,191.85,3,0.28,26.69
520,2024-06-03,1084,West,Clothing,Phone,461.18,3,0.09,106.96
521,2024-06-04,1038,North,Electronics,Table,296.38,1,0.26,28.88
522,2024-06-05,1099,North,Furniture,Chair,273.78,3,0.04,36.11
523,2024-06-06,1032,South,Electronics,Phone,141.74,1,0.21,22.29
524,2024-06-07,1093,West,Clothing,Laptop,190.54,2,0.22,17.62
525,2024-06-08,1022,South,Clothing,Table,448.72,4,0.2,20.34
526,2024-06-09,1009,North,Clothing,Table,336.57,3,0.08,72.4
527,2024-06-10,1068,South,Electronics,Laptop,395.82,4,0.26,60.46
528,2024-06-11,1099,North,Electronics,Table,232.63,4,0.05,43.14
529,2024-06-12,1033,West,Clothing,Laptop,318.82,3,0.02,73.56
530,2024-06-13,1051,East,Electronics,Phone,131.71,3,0.22,22.48
531,2024-06-14,1094,West,Electronics,Chair,355.68,2,0.14,31.04
532,2024-06-15,1009,South,Clothing,Laptop,219.52,1,0.25,22.74
533,2024-06-16,1018,South,Electronics,Shirt,226.85,1,0.12,16.28
534,2024-06-17,1057,West,Furniture,Laptop,328.17,4,0.05,25.71
535,2024-06-18,1095,West,Furniture,Table,468.78,3,0.25,77.01
536,2024-06-19,1000,North,Furniture,Phone,41.36,2,0.16,9.19
537,2024-06-20,1068,South,Furniture,Phone,414.12,2,0.06,113.16
538,2024-06-21,1003,South,Clothing,Laptop,153.27,2,0.22,24.76
539,2024-06-22,1015,West,Clothing,Chair,227.52,2,0.15,18.57
540,2024-06-23,1023,East,Clothing,Shirt,20.74,2,0.18,1.3
541,2024-06-24,1079,South,Furniture,Phone,157.51,1,0.14,34.3
542,2024-06-25,1001,East,Furniture,Table,256.29,1,0.25,37.42
543,2024-06-26,1091,West,Electronics,Table,37.53,1,0.25,5.76
544,2024-06-27,1031,West,Electronics,Chair,250.64,3,0.21,48.58
545,2024-06-28,1090,North,Furniture,Phone,464.28,4,0.03,101.7
546,2024-06-29,1083,South,Furniture,Laptop,61.64,2,0.25,11.96
547,2024-06-30,1023,East,Furniture,Table,384.58,3,0.2,19.71
548,2024-07-01,1011,North,Furniture,Chair,210.74,2,0.21,39.44
549,2024-07-02,1049,South,Electronics,Phone,331.04,1,0.11,77.4
550,2024-07-03,1034,North,Furniture,Phone,137.52,3,0.26,12.37
551,2024-07-04,1032,West,Electronics,Phone,88.15,1,0.22,14.45
552,2024-07-05,1032,South,Furniture,Phone,88.63,2,0.03,11.05
553,2024-07-06,1060,North,Furniture,Phone,44.54,2,0.12,11.35
554,2024-07-07,1050,North,Furniture,Table,100.97,4,0.27,4.3
555,2024-07-08,1042,East,Electronics,Chair,335.47,2,0.01,64.75
556,2024-07-09,1011,North,Electronics,Phone,442.03,1,0.29,28.76
557,2024-07-10,1066,South,Clothing,Shirt,408.92,2,0.2,74.61
558,2024-07-11,1064,South,Furniture,Shirt,345.72,4,0.19,26.32
559,2024-07-12,1032,East,Clothing,Chair,64.11,4,0.08,6.42
560,2024-07-13,1039,South,Clothing,Laptop,151.7,1,0.07,24.49
561,2024-07-14,1073,West,Electronics,Laptop,161.81,3,0.28,32.47
562,2024-07-15,1042,South,Electronics,Laptop,132.48,2,0.09,12.41
563,2024-07-16,1043,South,Clothing,Shirt,262.35,4,0.23,17.38
564,2024-07-17,1028,North,Furniture,Laptop,272.42,2,0.12,57.47
565,2024-07-18,1012,North,Electronics,Table,184.87,2,0.04,31.09
566,2024-07-19,1011,South,Furniture,Phone,183.36,3,0.0,50.96
567,2024-07-20,1094,East,Furniture,Shirt,415.99,4,0.16,30.28
568,2024-07-21,1045,North,Clothing,Chair,396.75,2,0.29,59.57
569,2024-07-22,1001,East,Clothing,Chair,160.82,4,0.11,15.49
570,2024-07-23,1034,South,Clothing,Phone,457.76,1,0.11,36.34
571,2024-07-24,1086,South,Clothing,Shirt,476.88,1,0.1,94.79
572,2024-07-25,1080,West,Electronics,Laptop,170.1,2,0.16,28.35
573,2024-07-26,1089,North,Electronics,Laptop,183.67,4,0.13,38.14
574,2024-07-27,1007,South,Clothing,Table,257.76,2,0.26,24.29
575,2024-07-28,1092,West,Electronics,Table,471.15,4,0.15,64.87
576,2024-07-29,1025,North,Clothing,Laptop,439.4,4,0.15,56.53
577,2024-07-30,1073,South,Furniture,Chair,60.26,3,0.04,17.12
578,2024-07-31,1089,South,Furniture,Chair,202.44,3,0.29,17.69
579,2024-08-01,1033,North,Furniture,Table,281.15,3,0.07,32.34
580,2024-08-02,1006,North,Clothing,Phone,256.53,2,0.02,34.85
581,2024-08-03,1067,North,Furniture,Laptop,104.99,3,0.2,16.05
582,2024-08-04,1057,South,Electronics,Table,430.82,3,0.18,39.95
583,2024-08-05,1074,South,Furniture,Table,341.7,1,0.12,83.84
584,2024-08-06,1028,West,Furniture,Laptop,420.58,4,0.13,42.6
585,2024-08-07,1035,East,Furniture,Laptop,430.79,4,0.24,89.69
586,2024-08-08,1088,North,Electronics,Chair,376.69,3,0.06,26.86
587,2024-08-09,1020,South,Clothing,Phone,225.21,4,0.25,36.17
588,2024-08-10,1035,South,Electronics,Phone,309.17,1,0.19,69.3
589,2024-08-11,1009,North,Clothing,Laptop,88.58,1,0.13,7.1
590,2024-08-12,1072,East,Clothing,Shirt,340.09,3,0.14,85.43
591,2024-08-13,1023,North,Furniture,Table,97.83,1,0.08,14.69
592,2024-08-14,1063,East,Clothing,Table,350.04,4,0.23,77.2
593,2024-08-15,1098,South,Electronics,Laptop,122.5,2,0.15,22.82
594,2024-08-16,1048,East,Electronics,Shirt,67.6,4,0.1,7.63
595,2024-08-17,1098,West,Clothing,Chair,90.99,2,0.18,7.24
596,2024-08-18,1035,South,Furniture,Laptop,10.98,3,0.3,0.97
597,2024-08-19,1081,West,Furniture,Laptop,362.18,2,0.13,23.08
598,2024-08-20,1095,North,Electronics,Table,368.88,1,0.28,22.83
599,2024-08-21,1023,North,Furniture,Laptop,262.32,4,0.1,17.98
600,2024-08-22,1022,North,Clothing,Laptop,89.07,2,0.02,13.59
601,2024-08-23,1061,East,Clothing,Laptop,50.94,4,0.06,11.92
602,2024-08-24,1095,South,Electronics,Table,19.37,3,0.13,1.44
603,2024-08-25,1036,North,Clothing,Chair,91.22,3,0.07,7.01
604,2024-08-26,1011,North,Electronics,Chair,446.52,1,0.0,94.15
605,2024-08-27,1054,South,Clothing,Laptop,128.35,3,0.27,9.3
606,2024-08-28,1012,North,Electronics,Table,183.59,2,0.25,10.24
607,2024-08-29,1022,West,Furniture,Chair,61.62,3,0.22,4.41
608,2024-08-30,1088,South,Clothing,Chair,118.96,1,0.05,31.75
609,2024-08-31,1098,South,Clothing,Chair,264.42,4,0.04,64.82
610,2024-09-01,1029,South,Electronics,Table,307.8,4,0.02,41.78
611,2024-09-02,1016,West,Electronics,Table,130.22,3,0.22,21.73
612,2024-09-03,1061,South,Clothing,Laptop,38.29,2,0.28,5.08
613,2024-09-04,1083,West,Electronics,Phone,201.61,1,0.13,38.46
614,2024-09-05,1088,South,Clothing,Chair,124.76,2,0.04,26.43
615,2024-09-06,1085,East,Furniture,Phone,117.58,1,0.15,20.71
616,2024-09-07,1012,North,Electronics,Table,480.33,3,0.1,50.37
617,2024-09-08,1058,East,Clothing,Table,311.99,1,0.11,16.59
618,2024-09-09,1018,North,Furniture,Table,282.87,1,0.19,37.55
619,2024-09-10,1048,West,Furniture,Phone,213.73,3,0.22,45.47
620,2024-09-11,1099,East,Clothing,Table,220.18,2,0.03,41.09
621,2024-09-12,1011,South,Electronics,Laptop,275.04,3,0.01,70.28
622,2024-09-13,1060,North,Clothing,Table,351.25,1,0.3,73.25
623,2024-09-14,1018,North,Furniture,Shirt,354.05,3,0.07,29.93
624,2024-09-15,1075,East,Clothing,Phone,94.13,1,0.02,20.57
625,2024-09-16,1008,West,Electronics,Shirt,255.06,3,0.06,52.4
626,2024-09-17,1070,East,Furniture,Table,211.86,4,0.01,61.87
627,2024-09-18,1027,West,Clothing,Laptop,436.56,4,0.12,113.87
628,2024-09-19,1077,West,Electronics,Chair,319.4,3,0.24,53.81
629,2024-09-20,1094,North,Furniture,Table,270.93,2,0.1,27.04
630,2024-09-21,1051,East,Electronics,Laptop,66.54,1,0.13,14.45
631,2024-09-22,1082,East,Furniture,Phone,306.76,4,0.2,18.84
632,2024-09-23,1015,West,Clothing,Shirt,67.43,2,0.15,14.05
633,2024-09-24,1068,East,Electronics,Shirt,175.23,1,0.26,35.99
634,2024-09-25,1098,South,Furniture,Shirt,79.99,4,0.26,8.62
635,2024-09-26,1011,South,Electronics,Phone,349.12,4,0.0,72.5
636,2024-09-27,1024,East,Electronics,Laptop,111.06,3,0.23,13.47
637,2024-09-28,1051,East,Clothing,Phone,202.01,1,0.14,27.7
638,2024-09-29,1084,West,Electronics,Shirt,448.88,2,0.3,40.09
639,2024-09-30,1099,South,Furniture,Table,110.12,2,0.14,22.78
640,2024-10-01,1052,South,Furniture,Chair,258.82,2,0.3,51.46
641,2024-10-02,1022,North,Furniture,Phone,215.44,1,0.23,47.31
642,2024-10-03,1015,West,Furniture,Phone,18.88,2,0.07,1.65
643,2024-10-04,1056,North,Clothing,Laptop,398.45,2,0.16,89.93
644,2024-10-05,1038,South,Electronics,Laptop,43.83,2,0.3,7.19
645,2024-10-06,1052,West,Clothing,Phone,242.38,3,0.26,20.31
646,2024-10-07,1041,East,Electronics,Shirt,284.73,3,0.03,18.46
647,2024-10-08,1057,West,Electronics,Chair,317.93,1,0.21,29.39
648,2024-10-09,1038,East,Electronics,Laptop,347.43,1,0.1,86.94
649,2024-10-10,1013,East,Clothing,Shirt,134.1,2,0.0,27.93
650,2024-10-11,1094,West,Electronics,Table,14.89,3,0.12,3.02
651,2024-10-12,1004,East,Clothing,Laptop,364.49,4,0.07,38.74
652,2024-10-13,1034,North,Furniture,Shirt,272.47,4,0.25,46.97
653,2024-10-14,1086,South,Furniture,Shirt,419.7,2,0.1,21.54
654,2024-10-15,1092,East,Electronics,Chair,412.48,2,0.25,44.5
655,2024-10-16,1074,North,Clothing,Chair,423.23,3,0.0,87.48
656,2024-10-17,1017,East,Furniture,Table,247.7,3,0.09,19.5
657,2024-10-18,1075,South,Clothing,Shirt,173.48,3,0.07,41.26
658,2024-10-19,1008,North,Clothing,Shirt,397.86,1,0.07,40.24
659,2024-10-20,1073,South,Electronics,Chair,231.13,1,0.02,48.26
660,2024-10-21,1057,South,Furniture,Laptop,99.89,2,0.06,14.21
661,2024-10-22,1016,North,Electronics,Laptop,428.94,1,0.17,70.85
662,2024-10-23,1006,North,Electronics,Phone,442.45,3,0.09,30.95
663,2024-10-24,1045,North,Furniture,Chair,238.49,3,0.13,11.25
664,2024-10-25,1012,West,Furniture,Phone,47.09,1,0.11,11.63
665,2024-10-26,1039,North,Clothing,Chair,200.03,4,0.26,17.38
666,2024-10-27,1041,North,Furniture,Table,403.73,2,0.27,75.13
667,2024-10-28,1008,North,Clothing,Shirt,451.87,4,0.15,115.16
668,2024-10-29,1049,North,Clothing,Table,109.7,2,0.1,10.16
669,2024-10-30,1026,East,Clothing,Chair,42.82,4,0.03,4.83
670,2024-10-31,1065,West,Furniture,Shirt,439.9,1,0.29,67.37
671,2024-11-01,1004,South,Electronics,Laptop,200.81,2,0.02,57.34
672,2024-11-02,1028,North,Clothing,Laptop,275.46,2,0.09,69.92
673,2024-11-03,1036,East,Electronics,Phone,484.35,2,0.09,77.45
674,2024-11-04,1037,East,Electronics,Chair,42.62,3,0.1,9.54
675,2024-11-05,1082,East,Furniture,Chair,327.68,3,0.05,26.13
676,2024-11-06,1007,South,Electronics,Laptop,46.31,4,0.23,10.5
677,2024-11-07,1064,North,Electronics,Table,193.98,1,0.04,54.21
678,2024-11-08,1085,West,Furniture,Shirt,403.87,3,0.19,29.75
679,2024-11-09,1016,West,Clothing,Table,222.4,2,0.04,26.66
680,2024-11-10,1070,East,Electronics,Table,498.62,3,0.02,36.67
681,2024-11-11,1088,South,Furniture,Laptop,283.94,1,0.27,24.44
682,2024-11-12,1044,South,Electronics,Laptop,167.37,3,0.06,39.96
683,2024-11-13,1003,South,Electronics,Laptop,117.85,2,0.25,12.78
684,2024-11-14,1035,West,Clothing,Phone,181.76,4,0.16,11.01
685,2024-11-15,1069,East,Electronics,Table,192.54,2,0.02,25.58
686,2024-11-16,1030,North,Furniture,Chair,43.67,1,0.29,9.16
687,2024-11-17,1018,West,Electronics,Shirt,191.09,4,0.07,36.86
688,2024-11-18,1060,East,Clothing,Phone,237.48,3,0.26,27.07
689,2024-11-19,1053,East,Clothing,Chair,364.14,3,0.05,31.7
690,2024-11-20,1038,North,Furniture,Table,331.8,3,0.26,72.81
691,2024-11-21,1090,North,Clothing,Laptop,357.3,4,0.0,91.19
692,2024-11-22,1073,North,Electronics,Table,14.1,2,0.15,1.44
693,2024-11-23,1089,South,Clothing,Shirt,116.66,4,0.23,6.06
694,2024-11-24,1018,North,Furniture,Phone,334.23,4,0.28,15.44
695,2024-11-25,1038,East,Clothing,Phone,247.15,1,0.27,14.45
696,2024-11-26,1066,North,Clothing,Shirt,12.6,4,0.25,1.84
697,2024-11-27,1044,East,Clothing,Chair,404.2,3,0.27,83.26
698,2024-11-28,1012,West,Furniture,Chair,388.68,2,0.06,63.64
699,2024-11-29,1091,South,Clothing,Phone,278.73,2,0.09,66.13
700,2024-11-30,1057,West,Clothing,Phone,42.57,2,0.09,6.26
701,2024-12-01,1019,West,Electronics,Laptop,385.59,3,0.11,77.95
702,2024-12-02,1091,East,Furniture,Chair,296.02,3,0.12,60.69
703,2024-12-03,1071,West,Clothing,Shirt,393.16,3,0.16,30.88
704,2024-12-04,1060,East,Furniture,Chair,378.36,3,0.05,50.43
705,2024-12-05,1038,North,Clothing,Laptop,403.47,3,0.21,66.72
706,2024-12-06,1000,North,Clothing,Phone,263.82,4,0.05,16.96
707,2024-12-07,1002,East,Clothing,Phone,78.76,3,0.09,10.06
708,2024-12-08,1076,North,Electronics,Laptop,338.87,3,0.15,52.91
709,2024-12-09,1091,South,Electronics,Shirt,314.03,3,0.24,71.37
710,2024-12-10,1061,West,Electronics,Phone,373.7,3,0.22,49.15
711,2024-12-11,1062,South,Furniture,Table,93.24,2,0.19,19.18
712,2024-12-12,1024,West,Furniture,Phone,105.54,3,0.05,15.84
713,2024-12-13,1055,North,Electronics,Table,446.3,4,0.16,93.38
714,2024-12-14,1032,South,Furniture,Laptop,377.49,4,0.03,72.81
715,2024-12-15,1037,North,Clothing,Laptop,455.03,4,0.11,110.01
716,2024-12-16,1005,West,Clothing,Phone,381.77,1,0.12,51.31
717,2024-12-17,1057,East,Clothing,Chair,302.61,2,0.01,60.24
718,2024-12-18,1043,East,Electronics,Table,330.53,3,0.08,63.1
719,2024-12-19,1044,South,Furniture,Shirt,445.67,1,0.29,48.84
720,2024-12-20,1031,North,Electronics,Phone,293.62,3,0.29,17.94
721,2024-12-21,1044,North,Furniture,Shirt,319.87,1,0.11,20.89
722,2024-12-22,1060,South,Clothing,Phone,86.67,1,0.01,4.65
723,2024-12-23,1046,East,Electronics,Chair,242.22,4,0.05,61.76
724,2024-12-24,1020,West,Furniture,Chair,361.03,4,0.12,34.67
725,2024-12-25,1079,South,Furniture,Chair,142.76,1,0.28,10.57
726,2024-12-26,1084,West,Clothing,Chair,109.1,4,0.04,24.51
727,2024-12-27,1074,East,Electronics,Laptop,163.78,1,0.23,16.39
728,2024-12-28,1035,North,Electronics,Laptop,128.34,2,0.03,21.97
729,2024-12-29,1098,East,Electronics,Table,115.31,4,0.29,7.42
730,2024-12-30,1018,South,Clothing,Shirt,218.18,4,0.11,56.3
731,2024-12-31,1019,North,Electronics,Phone,454.84,4,0.23,92.07
732,2025-01-01,1056,South,Clothing,Phone,258.46,2,0.1,61.86
733,2025-01-02,1017,South,Clothing,Laptop,102.08,1,0.19,12.54
734,2025-01-03,1046,East,Clothing,Phone,47.72,3,0.06,10.79
735,2025-01-04,1048,South,Furniture,Laptop,351.12,4,0.04,28.98
736,2025-01-05,1013,East,Electronics,Table,197.57,1,0.28,7.42
737,2025-01-06,1014,North,Electronics,Shirt,412.7,2,0.28,16.34
738,2025-01-07,1030,East,Clothing,Table,333.16,3,0.27,47.83
739,2025-01-08,1000,North,Clothing,Chair,400.16,4,0.19,53.11
740,2025-01-09,1053,East,Electronics,Chair,143.25,2,0.24,19.54
741,2025-01-10,1002,West,Clothing,Chair,349.26,2,0.02,17.75
742,2025-01-11,1015,West,Electronics,Table,139.39,3,0.1,19.53
743,2025-01-12,1086,South,Furniture,Phone,470.14,1,0.09,98.19
744,2025-01-13,1056,East,Clothing,Shirt,321.82,4,0.19,41.88
745,2025-01-14,1074,East,Electronics,Chair,169.01,4,0.11,35.06
746,2025-01-15,1011,North,Clothing,Chair,142.06,1,0.04,14.76
747,2025-01-16,1073,South,Electronics,Chair,103.55,1,0.18,21.51
748,2025-01-17,1095,East,Electronics,Shirt,350.37,1,0.24,52.49
749,2025-01-18,1015,South,Clothing,Chair,117.17,3,0.11,10.71
750,2025-01-19,1071,West,Furniture,Shirt,301.7,3,0.04,31.62
751,2025-01-20,1075,East,Electronics,Chair,139.67,4,0.06,27.18
752,2025-01-21,1023,East,Electronics,Table,334.36,3,0.07,80.07
753,2025-01-22,1027,South,Electronics,Table,409.32,2,0.09,57.33
754,2025-01-23,1007,East,Furniture,Shirt,391.23,4,0.19,36.31
755,2025-01-24,1091,South,Furniture,Table,382.82,3,0.18,83.74
756,2025-01-25,1035,East,Clothing,Shirt,101.98,1,0.21,17.51
757,2025-01-26,1089,North,Furniture,Table,53.31,2,0.11,7.69
758,2025-01-27,1007,South,Clothing,Table,352.48,1,0.25,45.46
759,2025-01-28,1057,East,Clothing,Shirt,190.49,4,0.06,18.1
760,2025-01-29,1059,West,Furniture,Phone,221.85,1,0.14,39.44
761,2025-01-30,1049,East,Clothing,Table,25.26,3,0.24,2.68
762,2025-01-31,1027,West,Furniture,Chair,137.19,3,0.05,38.96
763,2025-02-01,1091,West,Clothing,Phone,26.5,4,0.03,4.37
764,2025-02-02,1040,North,Furniture,Shirt,440.8,1,0.27,55.18
765,2025-02-03,1099,South,Furniture,Phone,129.26,4,0.1,22.27
766,2025-02-04,1063,East,Clothing,Laptop,283.1,1,0.21,62.44
767,2025-02-05,1026,North,Electronics,Laptop,29.1,2,0.01,7.21
768,2025-02-06,1062,East,Clothing,Table,336.76,3,0.21,43.31
769,2025-02-07,1016,West,Furniture,Table,168.28,4,0.09,35.17
770,2025-02-08,1072,South,Electronics,Chair,449.98,2,0.02,86.68
771,2025-02-09,1032,East,Clothing,Phone,445.18,2,0.18,63.19
772,2025-02-10,1083,East,Clothing,Laptop,169.39,4,0.07,15.45
773,2025-02-11,1076,West,Clothing,Table,451.47,4,0.12,65.94
774,2025-02-12,1091,East,Electronics,Phone,498.12,2,0.02,54.41
775,2025-02-13,1028,East,Furniture,Table,414.45,1,0.04,110.89
776,2025-02-14,1012,West,Clothing,Table,423.99,2,0.09,51.64
777,2025-02-15,1045,North,Clothing,Laptop,132.01,4,0.03,36.89
778,2025-02-16,1034,West,Clothing,Laptop,292.58,2,0.27,39.14
779,2025-02-17,1005,North,Clothing,Table,42.96,1,0.0,8.93
780,2025-02-18,1081,South,Clothing,Shirt,56.51,3,0.15,8.92
781,2025-02-19,1068,North,Furniture,Table,499.46,3,0.04,39.48
782,2025-02-20,1046,North,Furniture,Table,170.05,2,0.09,22.28
783,2025-02-21,1024,South,Clothing,Chair,376.61,1,0.28,20.28
784,2025-02-22,1065,North,Electronics,Chair,405.27,3,0.05,79.21
785,2025-02-23,1009,West,Furniture,Chair,430.43,2,0.29,49.42
786,2025-02-24,1055,North,Electronics,Shirt,498.84,2,0.06,114.65
787,2025-02-25,1029,South,Furniture,Shirt,128.33,1,0.22,10.52
788,2025-02-26,1004,West,Clothing,Table,29.77,4,0.16,2.28
789,2025-02-27,1032,South,Furniture,Chair,211.48,2,0.27,23.4
790,2025-02-28,1064,South,Clothing,Shirt,73.74,4,0.17,17.24
791,2025-03-01,1017,East,Furniture,Laptop,20.99,4,0.16,4.01
792,2025-03-02,1095,East,Clothing,Table,186.61,3,0.06,27.14
793,2025-03-03,1048,South,Clothing,Phone,394.03,4,0.05,67.12
794,2025-03-04,1010,South,Clothing,Table,287.43,1,0.27,14.91
795,2025-03-05,1084,South,Clothing,Phone,163.26,3,0.1,43.51
796,2025-03-06,1025,East,Electronics,Chair,330.63,3,0.11,63.74
797,2025-03-07,1062,East,Clothing,Phone,123.69,3,0.23,11.56
798,2025-03-08,1088,North,Electronics,Chair,17.05,2,0.1,3.01
799,2025-03-09,1085,North,Electronics,Laptop,384.53,2,0.29,21.12
800,2025-03-10,1058,South,Clothing,Phone,315.63,4,0.22,71.75
801,2025-03-11,1026,West,Electronics,Table,383.53,3,0.18,29.47
802,2025-03-12,1048,West,Furniture,Chair,29.08,3,0.26,4.56
803,2025-03-13,1076,East,Clothing,Table,420.19,1,0.01,46.33
804,2025-03-14,1032,East,Electronics,Shirt,313.57,4,0.08,66.18
805,2025-03-15,1097,East,Clothing,Chair,286.06,1,0.14,60.08
806,2025-03-16,1098,South,Clothing,Phone,316.06,4,0.07,64.18
807,2025-03-17,1000,West,Clothing,Chair,433.57,4,0.22,68.86
808,2025-03-18,1020,North,Electronics,Table,297.6,2,0.28,58.52
809,2025-03-19,1054,South,Furniture,Laptop,294.67,2,0.13,17.86
810,2025-03-20,1005,North,Furniture,Chair,495.43,1,0.1,59.18
811,2025-03-21,1091,North,Electronics,Phone,380.8,4,0.29,30.3
812,2025-03-22,1080,South,Clothing,Shirt,226.72,3,0.13,58.58
813,2025-03-23,1068,North,Electronics,Laptop,356.62,2,0.15,44.66
814,2025-03-24,1094,West,Electronics,Shirt,200.72,3,0.11,41.65
815,2025-03-25,1004,North,Electronics,Chair,122.15,1,0.27,19.72
816,2025-03-26,1002,West,Clothing,Table,302.46,2,0.17,25.86
817,2025-03-27,1052,West,Electronics,Table,464.81,2,0.23,39.28
818,2025-03-28,1022,West,Clothing,Phone,465.28,4,0.24,42.55
819,2025-03-29,1052,East,Electronics,Table,177.53,1,0.1,24.41
820,2025-03-30,1036,North,Furniture,Laptop,268.56,4,0.13,25.37
821,2025-03-31,1073,South,Electronics,Table,113.7,2,0.25,4.68
822,2025-04-01,1073,South,Electronics,Phone,497.86,1,0.11,119.57
823,2025-04-02,1082,North,Furniture,Chair,490.75,2,0.24,108.68
824,2025-04-03,1016,East,Clothing,Chair,328.26,1,0.28,32.0
825,2025-04-04,1084,East,Clothing,Table,404.16,2,0.19,44.07
826,2025-04-05,1077,West,Electronics,Shirt,360.4,3,0.22,14.55
827,2025-04-06,1072,North,Furniture,Chair,300.65,3,0.24,50.28
828,2025-04-07,1000,North,Clothing,Table,36.14,4,0.25,6.95
829,2025-04-08,1050,South,Electronics,Phone,232.83,3,0.12,17.75
830,2025-04-09,1044,North,Furniture,Table,340.65,2,0.02,30.02
831,2025-04-10,1076,East,Clothing,Chair,341.99,2,0.12,74.49
832,2025-04-11,1003,North,Clothing,Phone,192.83,3,0.2,31.48
833,2025-04-12,1061,South,Furniture,Table,471.43,4,0.14,24.82
834,2025-04-13,1064,West,Furniture,Laptop,92.0,3,0.22,14.76
835,2025-04-14,1031,South,Furniture,Phone,255.18,1,0.11,28.9
836,2025-04-15,1033,South,Furniture,Laptop,348.53,1,0.19,40.14
837,2025-04-16,1091,West,Electronics,Shirt,351.6,1,0.06,80.13
838,2025-04-17,1094,South,Furniture,Phone,327.83,3,0.22,64.63
839,2025-04-18,1071,South,Clothing,Laptop,144.89,3,0.16,18.27
840,2025-04-19,1038,North,Clothing,Chair,86.54,3,0.06,23.33
841,2025-04-20,1025,North,Electronics,Chair,321.61,1,0.09,44.37
842,2025-04-21,1033,West,Clothing,Shirt,303.66,4,0.22,57.55
843,2025-04-22,1053,North,Clothing,Phone,97.88,2,0.14,14.39
844,2025-04-23,1002,North,Furniture,Phone,355.52,3,0.06,91.7
845,2025-04-24,1049,South,Clothing,Phone,233.03,4,0.29,45.82
846,2025-04-25,1011,East,Electronics,Shirt,337.2,2,0.21,19.14
847,2025-04-26,1064,North,Furniture,Phone,420.31,2,0.29,84.79
848,2025-04-27,1053,East,Furniture,Chair,93.17,2,0.13,20.78
849,2025-04-28,1004,North,Electronics,Laptop,19.38,4,0.14,4.13
850,2025-04-29,1093,North,Furniture,Chair,391.76,4,0.27,28.66
851,2025-04-30,1093,West,Furniture,Chair,308.75,1,0.16,65.17
852,2025-05-01,1056,West,Electronics,Laptop,352.82,4,0.21,73.18
853,2025-05-02,1016,West,Furniture,Chair,420.7,4,0.08,47.33
854,2025-05-03,1046,East,Electronics,Shirt,403.38,4,0.13,101.09
855,2025-05-04,1022,South,Electronics,Laptop,480.85,2,0.04,28.83
856,2025-05-05,1078,North,Clothing,Chair,272.61,3,0.06,22.42
857,2025-05-06,1084,North,Clothing,Table,249.36,1,0.0,45.98
858,2025-05-07,1013,North,Furniture,Chair,206.92,3,0.01,39.73
859,2025-05-08,1065,East,Furniture,Shirt,85.31,3,0.29,12.8
860,2025-05-09,1074,West,Electronics,Phone,290.58,4,0.07,14.66
861,2025-05-10,1050,South,Furniture,Chair,145.74,1,0.2,33.82
862,2025-05-11,1037,East,Electronics,Phone,461.44,3,0.25,21.16
863,2025-05-12,1063,West,Electronics,Table,295.76,3,0.17,21.05
864,2025-05-13,1097,East,Furniture,Chair,300.49,1,0.05,15.27
865,2025-05-14,1037,South,Electronics,Laptop,183.91,4,0.22,27.5
866,2025-05-15,1049,West,Clothing,Phone,35.47,3,0.18,8.23
867,2025-05-16,1097,East,Furniture,Table,25.55,2,0.22,4.31
868,2025-05-17,1081,South,Clothing,Laptop,217.43,3,0.23,42.8
869,2025-05-18,1029,North,Furniture,Laptop,51.44,2,0.29,1.95
870,2025-05-19,1078,South,Electronics,Laptop,307.36,4,0.17,47.32
871,2025-05-20,1090,North,Furniture,Laptop,441.68,3,0.1,65.55
872,2025-05-21,1050,East,Clothing,Chair,442.63,1,0.19,62.65
873,2025-05-22,1062,West,Electronics,Chair,332.93,1,0.02,22.2
874,2025-05-23,1097,West,Furniture,Chair,113.5,3,0.27,18.32
875,2025-05-24,1051,East,Furniture,Table,432.87,4,0.04,73.06
876,2025-05-25,1037,West,Furniture,Table,444.19,4,0.1,96.46
877,2025-05-26,1096,West,Clothing,Table,106.36,1,0.24,13.85
878,2025-05-27,1087,North,Clothing,Shirt,371.34,3,0.18,26.6
879,2025-05-28,1078,East,Furniture,Table,150.39,4,0.12,28.07
880,2025-05-29,1029,South,Electronics,Chair,403.29,1,0.14,32.29
881,2025-05-30,1050,North,Electronics,Chair,498.65,2,0.26,98.93
882,2025-05-31,1080,East,Clothing,Shirt,24.71,3,0.1,4.52
883,2025-06-01,1004,North,Electronics,Shirt,449.71,2,0.26,29.72
884,2025-06-02,1028,South,Clothing,Table,315.09,2,0.03,88.81
885,2025-06-03,1003,South,Furniture,Phone,486.96,4,0.23,67.34
886,2025-06-04,1009,East,Clothing,Shirt,237.85,4,0.25,12.17
887,2025-06-05,1055,South,Clothing,Laptop,425.22,4,0.05,83.5
888,2025-06-06,1016,North,Furniture,Chair,40.57,3,0.13,4.0
889,2025-06-07,1073,South,Electronics,Laptop,174.29,2,0.05,41.55
890,2025-06-08,1016,North,Clothing,Chair,42.84,3,0.21,8.61
891,2025-06-09,1083,North,Clothing,Chair,487.92,4,0.16,120.8
892,2025-06-10,1087,South,Furniture,Shirt,410.32,2,0.19,58.32
893,2025-06-11,1068,East,Electronics,Shirt,427.75,3,0.06,65.84
894,2025-06-12,1033,West,Clothing,Laptop,469.6,3,0.06,105.22
895,2025-06-13,1005,South,Furniture,Chair,51.7,1,0.01,4.25
896,2025-06-14,1052,North,Clothing,Laptop,198.94,3,0.1,33.43
897,2025-06-15,1065,North,Furniture,Phone,44.81,4,0.17,6.94
898,2025-06-16,1076,South,Electronics,Laptop,113.29,3,0.26,6.07
899,2025-06-17,1042,East,Electronics,Table,122.39,2,0.2,15.13
900,2025-06-18,1074,East,Electronics,Laptop,239.86,3,0.13,54.95
901,2025-06-19,1022,North,Electronics,Table,141.6,1,0.29,26.55
902,2025-06-20,1054,North,Clothing,Table,59.48,2,0.22,3.47
903,2025-06-21,1079,East,Clothing,Table,92.07,2,0.28,4.82
904,2025-06-22,1094,West,Electronics,Phone,82.17,1,0.16,7.98
905,2025-06-23,1074,South,Electronics,Laptop,486.81,4,0.08,120.34
906,2025-06-24,1015,North,Electronics,Laptop,382.05,2,0.02,30.79
907,2025-06-25,1007,North,Clothing,Phone,484.2,4,0.22,86.87
908,2025-06-26,1003,East,Electronics,Chair,225.47,2,0.04,16.3
909,2025-06-27,1003,South,Electronics,Shirt,146.4,2,0.09,27.42
910,2025-06-28,1055,East,Electronics,Laptop,401.16,4,0.16,46.85
911,2025-06-29,1024,South,Furniture,Shirt,169.86,2,0.17,34.86
912,2025-06-30,1066,South,Electronics,Phone,156.7,4,0.18,13.93
913,2025-07-01,1095,South,Furniture,Chair,123.93,1,0.05,24.7
914,2025-07-02,1066,North,Furniture,Chair,73.54,4,0.11,7.13
915,2025-07-03,1026,West,Electronics,Chair,135.67,1,0.19,25.1
916,2025-07-04,1092,East,Furniture,Phone,184.11,2,0.29,35.09
917,2025-07-05,1031,West,Electronics,Table,340.26,4,0.22,21.68
918,2025-07-06,1049,East,Clothing,Table,40.66,2,0.28,7.81
919,2025-07-07,1060,South,Clothing,Shirt,113.15,4,0.23,17.29
920,2025-07-08,1050,North,Clothing,Table,406.42,1,0.18,27.25
921,2025-07-09,1018,West,Clothing,Table,81.99,1,0.06,12.09
922,2025-07-10,1020,North,Furniture,Chair,177.9,4,0.2,12.84
923,2025-07-11,1004,East,Electronics,Chair,433.68,1,0.19,79.07
924,2025-07-12,1081,North,Electronics,Shirt,85.91,2,0.18,16.89
925,2025-07-13,1091,North,Electronics,Laptop,50.54,2,0.15,3.28
926,2025-07-14,1041,West,Clothing,Shirt,247.42,3,0.16,36.69
927,2025-07-15,1060,South,Clothing,Shirt,158.19,1,0.1,36.11
928,2025-07-16,1021,North,Electronics,Phone,286.07,2,0.16,68.25
929,2025-07-17,1020,South,Clothing,Phone,403.86,4,0.06,67.72
930,2025-07-18,1069,East,Electronics,Shirt,77.2,1,0.24,16.87
931,2025-07-19,1000,North,Electronics,Shirt,294.54,2,0.06,50.92
932,2025-07-20,1004,West,Electronics,Shirt,257.7,1,0.03,37.13
933,2025-07-21,1011,East,Electronics,Table,80.6,4,0.13,18.38
934,2025-07-22,1089,East,Electronics,Phone,315.76,2,0.2,43.76
935,2025-07-23,1045,West,Electronics,Shirt,144.08,3,0.13,21.06
936,2025-07-24,1033,North,Electronics,Chair,249.04,3,0.08,39.54
937,2025-07-25,1048,North,Clothing,Chair,50.31,1,0.17,10.93
938,2025-07-26,1077,East,Electronics,Table,235.2,4,0.1,54.61
939,2025-07-27,1089,North,Electronics,Table,160.17,2,0.28,17.4
940,2025-07-28,1044,South,Clothing,Laptop,412.97,4,0.28,39.64
941,2025-07-29,1026,West,Clothing,Laptop,37.92,2,0.15,5.58
942,2025-07-30,1072,South,Clothing,Laptop,215.12,1,0.1,37.4
943,2025-07-31,1025,North,Electronics,Table,234.63,2,0.22,20.06
944,2025-08-01,1046,East,Furniture,Table,365.25,4,0.01,89.85
945,2025-08-02,1085,West,Furniture,Table,291.4,4,0.14,43.01
946,2025-08-03,1055,North,Clothing,Chair,336.93,1,0.1,40.49
947,2025-08-04,1093,North,Furniture,Table,390.75,4,0.28,21.58
948,2025-08-05,1062,East,Clothing,Chair,432.48,2,0.0,47.45
949,2025-08-06,1047,East,Electronics,Laptop,163.8,1,0.17,39.06
950,2025-08-07,1060,South,Furniture,Laptop,273.63,2,0.22,26.95
951,2025-08-08,1080,West,Electronics,Laptop,421.65,4,0.15,33.05
952,2025-08-09,1025,West,Furniture,Shirt,494.83,1,0.03,79.28
953,2025-08-10,1035,East,Electronics,Shirt,445.86,2,0.29,40.13
954,2025-08-11,1000,South,Furniture,Phone,192.02,4,0.16,9.48
955,2025-08-12,1007,West,Electronics,Phone,105.63,4,0.18,11.33
956,2025-08-13,1098,East,Electronics,Phone,249.8,3,0.07,43.22
957,2025-08-14,1051,North,Furniture,Shirt,373.4,4,0.15,59.65
958,2025-08-15,1078,West,Electronics,Shirt,251.36,2,0.13,30.43
959,2025-08-16,1046,South,Electronics,Phone,246.76,1,0.02,39.13
960,2025-08-17,1055,South,Electronics,Phone,420.73,3,0.03,118.91
961,2025-08-18,1085,South,Furniture,Table,187.09,4,0.25,20.25
962,2025-08-19,1013,North,Furniture,Phone,431.3,4,0.07,45.95
963,2025-08-20,1089,West,Electronics,Table,209.33,4,0.06,21.82
964,2025-08-21,1027,West,Electronics,Chair,170.83,2,0.15,23.88
965,2025-08-22,1086,North,Furniture,Shirt,232.46,3,0.23,42.94
966,2025-08-23,1077,West,Furniture,Phone,383.6,2,0.02,38.16
967,2025-08-24,1087,North,Electronics,Shirt,71.74,3,0.17,13.54
968,2025-08-25,1001,North,Electronics,Shirt,106.25,1,0.04,5.64
969,2025-08-26,1025,North,Electronics,Shirt,476.21,2,0.01,72.95
970,2025-08-27,1013,South,Clothing,Chair,95.99,2,0.02,22.95
971,2025-08-28,1058,West,Furniture,Laptop,288.19,1,0.25,29.11
972,2025-08-29,1055,North,Clothing,Phone,293.86,3,0.04,53.86
973,2025-08-30,1006,West,Furniture,Laptop,249.92,4,0.01,25.05
974,2025-08-31,1002,South,Furniture,Laptop,325.93,1,0.13,66.78
975,2025-09-01,1022,North,Furniture,Laptop,122.62,4,0.25,5.8
976,2025-09-02,1017,East,Furniture,Shirt,280.8,4,0.08,67.98
977,2025-09-03,1037,South,Furniture,Table,192.36,1,0.13,16.66
978,2025-09-04,1098,East,Furniture,Shirt,334.22,3,0.01,88.87
979,2025-09-05,1014,West,Furniture,Shirt,79.2,4,0.13,9.52
980,2025-09-06,1063,West,Clothing,Laptop,289.73,1,0.17,55.47
981,2025-09-07,1088,South,Electronics,Shirt,100.78,2,0.17,10.86
982,2025-09-08,1027,West,Electronics,Laptop,146.54,2,0.1,36.46
983,2025-09-09,1073,East,Clothing,Table,117.17,2,0.09,8.71
984,2025-09-10,1038,North,Clothing,Phone,99.59,1,0.03,9.14
985,2025-09-11,1056,North,Clothing,Laptop,414.6,2,0.11,63.93
986,2025-09-12,1016,North,Clothing,Table,150.0,4,0.03,10.26
987,2025-09-13,1085,South,Furniture,Phone,464.29,2,0.23,35.39
988,2025-09-14,1089,West,Electronics,Chair,485.26,2,0.29,98.52
989,2025-09-15,1043,East,Furniture,Laptop,289.92,4,0.29,60.54
990,2025-09-16,1024,West,Electronics,Laptop,80.07,2,0.26,8.54
991,2025-09-17,1016,West,Electronics,Chair,193.53,4,0.18,44.56
992,2025-09-18,1012,West,Clothing,Chair,400.89,2,0.21,58.97
993,2025-09-19,1083,North,Furniture,Laptop,190.02,4,0.09,20.31
994,2025-09-20,1024,East,Clothing,Chair,52.64,2,0.19,9.62
995,2025-09-21,1067,East,Furniture,Shirt,282.82,4,0.14,52.23
996,2025-09-22,1009,West,Electronics,Phone,424.11,1,0.14,108.43
997,2025-09-23,1066,North,Clothing,Phone,400.0,4,0.23,35.81
998,2025-09-24,1017,North,Clothing,Phone,95.81,2,0.08,19.22
999,2025-09-25,1099,East,Electronics,Shirt,339.65,2,0.1,19.26
1000,2025-09-26,1085,North,Electronics,Chair,118.05,3,0.28,6.66
